symbolic_id,display_name,type
MM_ARROW_FIRE,Fire Arrows (MM),PROGRESSION
MM_ARROW_ICE,Ice Arrows (MM),PROGRESSION
MM_ARROW_LIGHT,Light Arrows (MM),PROGRESSION
MM_BIG_POE,Big Poe (MM),FILLER
MM_BOMB_BAG,Bomb Bag (MM),PROGRESSION
MM_BOMBCHU_BAG,Bombchu Bag (MM),PROGRESSION
MM_BOMBER_NOTEBOOK,Bombers' Notebook,USEFUL
MM_BOOTS_HOVER,Hover Boots (MM),PROGRESSION
MM_BOOTS_IRON,Iron Boots (MM),PROGRESSION
MM_BOSS_KEY_GB,Boss Key (Great Bay Temple),PROGRESSION
MM_BOSS_KEY_SH,Boss Key (Snowhead Temple),PROGRESSION
MM_BOSS_KEY_ST,Boss Key (Stone Tower Temple),PROGRESSION
MM_BOSS_KEY_WF,Boss Key (Woodfall Temple),PROGRESSION
MM_BOTTLE_BIG_POE,Bottled Big Poe (MM),PROGRESSION
MM_BOTTLE_CHATEAU,Bottle of Chateau Romani,PROGRESSION
MM_BOTTLE_EMPTY,Empty Bottle (MM),PROGRESSION
MM_BOTTLE_FAIRY,Bottled Fairy (MM),PROGRESSION
MM_BOTTLE_MILK,Bottle of Milk (MM),PROGRESSION
MM_BOTTLE_POE,Bottled Poe (MM),PROGRESSION
MM_BOTTLE_POTION_BLUE,Bottle of Blue Potion (MM),PROGRESSION
MM_BOTTLE_POTION_GREEN,Bottle of Green Potion (MM),PROGRESSION
MM_BOTTLE_POTION_RED,Bottle of Red Potion (MM),PROGRESSION
MM_BOTTLED_GOLD_DUST,Bottle of Gold Dust,PROGRESSION
MM_BOW,Hero's Bow (MM),PROGRESSION
MM_BUGS,Bugs (MM),FILLER
MM_BUTTON_A,A Button (MM),PROGRESSION
MM_BUTTON_C_DOWN,C-Down Button (MM),PROGRESSION
MM_BUTTON_C_LEFT,C-Left Button (MM),PROGRESSION
MM_BUTTON_C_RIGHT,C-Right Button (MM),PROGRESSION
MM_BUTTON_C_UP,C-Up Button (MM),PROGRESSION
MM_CHATEAU,Chateau Romani Refill (MM),FILLER
MM_CLOCK,Progressive Clock,PROGRESSION
MM_CLOCK1,Clock (Day 1),PROGRESSION
MM_CLOCK2,Clock (Night 1),PROGRESSION
MM_CLOCK3,Clock (Day 2),PROGRESSION
MM_CLOCK4,Clock (Night 2),PROGRESSION
MM_CLOCK5,Clock (Day 3),PROGRESSION
MM_CLOCK6,Clock (Night 3),PROGRESSION
MM_COMPASS_GB,Compass (Great Bay Temple),USEFUL
MM_COMPASS_SH,Compass (Snowhead Temple),USEFUL
MM_COMPASS_ST,Compass (Stone Tower Temple),USEFUL
MM_COMPASS_WF,Compass (Woodfall Temple),USEFUL
MM_DEED_LAND,Land Title Deed,PROGRESSION
MM_DEED_MOUNTAIN,Mountain Title Deed,PROGRESSION
MM_DEED_OCEAN,Ocean Title Deed,PROGRESSION
MM_DEED_SWAMP,Swamp Title Deed,PROGRESSION
MM_DEFENSE_UPGRADE,Double Defense (MM),USEFUL
MM_FAIRY,Fairy (MM),FILLER
MM_FAIRY_BIG,Big Fairy (MM),FILLER
MM_FISH,Fish (MM),FILLER
MM_GREAT_FAIRY_SWORD,Great Fairy's Sword,PROGRESSION
MM_GS_TOKEN_OCEAN,Ocean Skulltula Token,PROGRESSION
MM_GS_TOKEN_SWAMP,Swamp Skulltula Token,PROGRESSION
MM_HAMMER,Megaton Hammer (MM),PROGRESSION
MM_HEART_CONTAINER,Heart Container (MM),USEFUL
MM_HEART_PIECE,Piece of Heart (MM),USEFUL
MM_HOOKSHOT,Hookshot (MM),PROGRESSION
MM_KEY_RING_GB,Key Ring (Great Bay),PROGRESSION
MM_KEY_RING_SH,Key Ring (Snowhead),PROGRESSION
MM_KEY_RING_ST,Key Ring (Stone Tower),PROGRESSION
MM_KEY_RING_WF,Key Ring (Woodfall),PROGRESSION
MM_LENS,Lens of Truth (MM),PROGRESSION
MM_LETTER_TO_KAFEI,Letter to Kafei,PROGRESSION
MM_LETTER_TO_MAMA,Letter to Mama,PROGRESSION
MM_MAGIC_BEAN,Magic Bean (MM),PROGRESSION
MM_MAGIC_JAR_LARGE,Large Magic Jar (MM),FILLER
MM_MAGIC_JAR_SMALL,Small Magic Jar (MM),FILLER
MM_MAGIC_UPGRADE,Magic Upgrade (MM),PROGRESSION
MM_MAP_GB,Map (Great Bay Temple),USEFUL
MM_MAP_SH,Map (Snowhead Temple),USEFUL
MM_MAP_ST,Map (Stone Tower Temple),USEFUL
MM_MAP_WF,Map (Woodfall Temple),USEFUL
MM_MASK_ALL_NIGHT,All-Night Mask,PROGRESSION
MM_MASK_BLAST,Blast Mask (MM),PROGRESSION
MM_MASK_BREMEN,Bremen Mask,PROGRESSION
MM_MASK_BUNNY,Bunny Hood (MM),PROGRESSION
MM_MASK_CAPTAIN,Captain's Hat,PROGRESSION
MM_MASK_COUPLE,Couple's Mask,PROGRESSION
MM_MASK_DEKU,Deku Mask,PROGRESSION
MM_MASK_DON_GERO,Don Gero's Mask,PROGRESSION
MM_MASK_FIERCE_DEITY,Fierce Deity's Mask,PROGRESSION
MM_MASK_GARO,Garo's Mask,PROGRESSION
MM_MASK_GIANT,Giant's Mask,PROGRESSION
MM_MASK_GIBDO,Gibdo Mask,PROGRESSION
MM_MASK_GORON,Goron Mask (MM),PROGRESSION
MM_MASK_GREAT_FAIRY,Great Fairy's Mask,PROGRESSION
MM_MASK_KAFEI,Kafei's Mask,PROGRESSION
MM_MASK_KAMARO,Kamaro's Mask,PROGRESSION
MM_MASK_KEATON,Keaton Mask (MM),PROGRESSION
MM_MASK_POSTMAN,Postman's Hat,PROGRESSION
MM_MASK_ROMANI,Romani's Mask,PROGRESSION
MM_MASK_SCENTS,Mask of Scents,PROGRESSION
MM_MASK_STONE,Stone Mask (MM),PROGRESSION
MM_MASK_TROUPE_LEADER,Circus Leader's Mask,PROGRESSION
MM_MASK_TRUTH,Mask of Truth (MM),PROGRESSION
MM_MASK_ZORA,Zora Mask (MM),PROGRESSION
MM_MILK,Romani Milk,FILLER
MM_MOON_TEAR,Moon's Tear,PROGRESSION
MM_NUT_UPGRADE,Deku Nut Upgrade (MM),USEFUL
MM_OCARINA,Ocarina (MM),PROGRESSION
MM_OWL_CLOCK_TOWN,Owl Statue (Clock Town),PROGRESSION
MM_OWL_GREAT_BAY,Owl Statue (Great Bay),PROGRESSION
MM_OWL_IKANA_CANYON,Owl Statue (Ikana Canyon),PROGRESSION
MM_OWL_MILK_ROAD,Owl Statue (Milk Road),PROGRESSION
MM_OWL_MOUNTAIN_VILLAGE,Owl Statue (Mountain Village),PROGRESSION
MM_OWL_SNOWHEAD,Owl Statue (Snowhead),PROGRESSION
MM_OWL_SOUTHERN_SWAMP,Owl Statue (Southern Swamp),PROGRESSION
MM_OWL_STONE_TOWER,Owl Statue (Stone Tower),PROGRESSION
MM_OWL_WOODFALL,Owl Statue (Woodfall),PROGRESSION
MM_OWL_ZORA_CAPE,Owl Statue (Zora Cape),PROGRESSION
MM_PENDANT_OF_MEMORIES,Pendant of Memories,PROGRESSION
MM_PICTOGRAPH_BOX,Pictograph Box,PROGRESSION
MM_POE,Poe (MM),FILLER
MM_POTION_BLUE,Blue Potion (MM),FILLER
MM_POTION_GREEN,Green Potion (MM),FILLER
MM_POTION_RED,Red Potion (MM),FILLER
MM_POWDER_KEG,Powder Keg,PROGRESSION
MM_RECOVERY_HEART,Recovery Heart (MM),FILLER
MM_REMAINS_GOHT,Goht's Remains,PROGRESSION
MM_REMAINS_GYORG,Gyorg's Remains,PROGRESSION
MM_REMAINS_ODOLWA,Odolwa's Remains,PROGRESSION
MM_REMAINS_TWINMOLD,Twinmold's Remains,PROGRESSION
MM_ROOM_KEY,Room Key,PROGRESSION
MM_RUPEE_BLUE,Blue Rupee (MM),FILLER
MM_RUPEE_GOLD,Gold Rupee (MM),FILLER
MM_RUPEE_GREEN,Green Rupee (MM),FILLER
MM_RUPEE_PURPLE,Purple Rupee (MM),FILLER
MM_RUPEE_RED,Red Rupee (MM),FILLER
MM_RUPEE_SILVER,Silver Rupee (MM),FILLER
MM_SCALE,Progressive Scale (MM),PROGRESSION
MM_SHIELD,Progressive Shield (MM),PROGRESSION
MM_SHIELD_DEKU,Deku Shield (MM),PROGRESSION
MM_SHIELD_HERO,Hero's Shield,PROGRESSION
MM_SHIELD_MIRROR,Mirror Shield (MM),PROGRESSION
MM_SKELETON_KEY,Skeleton Key (MM),PROGRESSION
MM_SMALL_KEY_GB,Small Key (Great Bay Temple),PROGRESSION
MM_SMALL_KEY_SH,Small Key (Snowhead Temple),PROGRESSION
MM_SMALL_KEY_ST,Small Key (Stone Tower Temple),PROGRESSION
MM_SMALL_KEY_WF,Small Key (Woodfall Temple),PROGRESSION
MM_SONG_AWAKENING,Sonata of Awakening,PROGRESSION
MM_SONG_EMPTINESS,Elegy of Emptiness (MM),PROGRESSION
MM_SONG_EPONA,Epona's Song (MM),PROGRESSION
MM_SONG_GORON,Goron Lullaby,PROGRESSION
MM_SONG_GORON_HALF,Progressive Goron Lullaby,PROGRESSION
MM_SONG_HEALING,Song of Healing,PROGRESSION
MM_SONG_ORDER,Oath to Order,PROGRESSION
MM_SONG_SOARING,Song of Soaring,PROGRESSION
MM_SONG_STORMS,Song of Storms (MM),PROGRESSION
MM_SONG_SUN,Sun's Song (MM),USEFUL
MM_SONG_TIME,Song of Time (MM),PROGRESSION
MM_SONG_ZORA,New Wave Bossa Nova,PROGRESSION
MM_SOUL_BOSS_GOHT,Soul of Goht,PROGRESSION
MM_SOUL_BOSS_GYORG,Soul of Gyorg,PROGRESSION
MM_SOUL_BOSS_IGOS,Soul of Igos,PROGRESSION
MM_SOUL_BOSS_ODOLWA,Soul of Odolwa,PROGRESSION
MM_SOUL_BOSS_TWINMOLD,Soul of Twinmold,PROGRESSION
MM_SOUL_ENEMY_ARMOS,Soul of Armos (MM),PROGRESSION
MM_SOUL_ENEMY_BAD_BAT,Soul of Bad Bats,PROGRESSION
MM_SOUL_ENEMY_BEAMOS,Soul of Beamos (MM),PROGRESSION
MM_SOUL_ENEMY_BIO_BABA,Soul of Bio Babas,PROGRESSION
MM_SOUL_ENEMY_BOE,Soul of Boes,PROGRESSION
MM_SOUL_ENEMY_BUBBLE,Soul of Bubbles (MM),PROGRESSION
MM_SOUL_ENEMY_CAPTAIN_KEETA,Soul of Captain Keeta,PROGRESSION
MM_SOUL_ENEMY_CHUCHU,Soul of Chuchus,PROGRESSION
MM_SOUL_ENEMY_DEEP_PYTHON,Soul of Deep Pythons,PROGRESSION
MM_SOUL_ENEMY_DEKU_BABA,Soul of Deku Babas (MM),PROGRESSION
MM_SOUL_ENEMY_DEKU_SCRUB,Soul of Deku Scrubs (MM),PROGRESSION
MM_SOUL_ENEMY_DEXIHAND,Soul of Dexihands,PROGRESSION
MM_SOUL_ENEMY_DODONGO,Soul of Dodongos (MM),PROGRESSION
MM_SOUL_ENEMY_DRAGONFLY,Soul of Dragonflies,PROGRESSION
MM_SOUL_ENEMY_EENO,Soul of Eenoes,FILLER
MM_SOUL_ENEMY_EYEGORE,Soul of Eyegores,PROGRESSION
MM_SOUL_ENEMY_FLOORMASTER,Soul of Floormasters (MM),PROGRESSION
MM_SOUL_ENEMY_FLYING_POT,Soul of Flying Pots (MM),PROGRESSION
MM_SOUL_ENEMY_FREEZARD,Soul of Freezards (MM),PROGRESSION
MM_SOUL_ENEMY_GARO,Soul of Garo,PROGRESSION
MM_SOUL_ENEMY_GEKKO,Soul of Gekkos,PROGRESSION
MM_SOUL_ENEMY_GOMESS,Soul of Gomess,PROGRESSION
MM_SOUL_ENEMY_GUAY,Soul of Guays (MM),PROGRESSION
MM_SOUL_ENEMY_HIPLOOP,Soul of Hiploops,FILLER
MM_SOUL_ENEMY_IRON_KNUCKLE,Soul of Iron Knuckles (MM),PROGRESSION
MM_SOUL_ENEMY_KEESE,Soul of Keese (MM),PROGRESSION
MM_SOUL_ENEMY_LEEVER,Soul of Leevers (MM),PROGRESSION
MM_SOUL_ENEMY_LIKE_LIKE,Soul of Like Likes (MM),PROGRESSION
MM_SOUL_ENEMY_LIZALFOS_DINALFOS,Soul of Lizalfos/Dinolfos (MM),PROGRESSION
MM_SOUL_ENEMY_NEJIRON,Soul of Nejirons,FILLER
MM_SOUL_ENEMY_OCTOROK,Soul of Octoroks (MM),PROGRESSION
MM_SOUL_ENEMY_PEAHAT,Soul of Peahats (MM),PROGRESSION
MM_SOUL_ENEMY_REAL_BOMBCHU,Soul of Real Bombchu,FILLER
MM_SOUL_ENEMY_REDEAD_GIBDO,Soul of ReDeads/Gibdos (MM),PROGRESSION
MM_SOUL_ENEMY_SHELL_BLADE,Soul of Shell Blades (MM),PROGRESSION
MM_SOUL_ENEMY_SKULLFISH,Soul of Skullfish (MM),FILLER
MM_SOUL_ENEMY_SKULLTULA,Soul of Skulltulas (MM),PROGRESSION
MM_SOUL_ENEMY_SKULLWALLTULA,Soul of Skullwalltulas (MM),PROGRESSION
MM_SOUL_ENEMY_SNAPPER,Soul of Snappers,PROGRESSION
MM_SOUL_ENEMY_STALCHILD,Soul of Stalchildren (MM),PROGRESSION
MM_SOUL_ENEMY_TAKKURI,Soul of Takkuri,FILLER
MM_SOUL_ENEMY_TEKTITE,Soul of Tektites (MM),PROGRESSION
MM_SOUL_ENEMY_THIEVES,Soul of the Fighting Pirates,PROGRESSION
MM_SOUL_ENEMY_WALLMASTER,Soul of Wallmasters (MM),PROGRESSION
MM_SOUL_ENEMY_WART,Soul of Warts,PROGRESSION
MM_SOUL_ENEMY_WIZZROBE,Soul of Wizzrobes,PROGRESSION
MM_SOUL_ENEMY_WOLFOS,Soul of Wolfos (MM),PROGRESSION
MM_SOUL_MISC_BUSINESS_SCRUB,Soul of Business Scrubs (MM),PROGRESSION
MM_SOUL_MISC_GS,Soul of Gold Skulltulas (MM),PROGRESSION
MM_SOUL_NPC_ANJU,Soul of Anju (MM),PROGRESSION
MM_SOUL_NPC_AROMA,Soul of Madame Aroma (MM),PROGRESSION
MM_SOUL_NPC_ASTRONOMER,Soul of Astronomer (MM),PROGRESSION
MM_SOUL_NPC_BANKER,Soul of the Banker (MM),PROGRESSION
MM_SOUL_NPC_BAZAAR_SHOPKEEPER,Soul of Swamp Archery Owner (MM),PROGRESSION
MM_SOUL_NPC_BEAN_SALESMAN,Soul of the Beans Salesman (MM),PROGRESSION
MM_SOUL_NPC_BIGGORON,Soul of Biggoron (MM),PROGRESSION
MM_SOUL_NPC_BLACKSMITHS,Soul of Blacksmiths,PROGRESSION
MM_SOUL_NPC_BOMBCHU_BOWLING_LADY,Soul of Chest Game Lady (MM),PROGRESSION
MM_SOUL_NPC_BOMBCHU_SHOPKEEPER,Soul of the Bomb Shop Owner (MM),PROGRESSION
MM_SOUL_NPC_BOMBERS,Soul of Bombers (MM),PROGRESSION
MM_SOUL_NPC_BUTLER_DEKU,Soul of the Deku Butler,PROGRESSION
MM_SOUL_NPC_CARPENTERS,Soul of Carpenters (MM),PROGRESSION
MM_SOUL_NPC_CARPET_MAN,Soul of Swordsman (MM),PROGRESSION
MM_SOUL_NPC_CHEST_GAME_OWNER,Soul of the Fisherman (MM),PROGRESSION
MM_SOUL_NPC_CITIZEN,Soul of Citizens (MM),PROGRESSION
MM_SOUL_NPC_COMPOSER_BROS,Soul of Composer Bros. (MM),PROGRESSION
MM_SOUL_NPC_DAMPE,Soul of Dampe (MM),PROGRESSION
MM_SOUL_NPC_DEKU_KING,Soul of the Deku King,PROGRESSION
MM_SOUL_NPC_DEKU_PRINCESS,Soul of the Deku Princess,PROGRESSION
MM_SOUL_NPC_DOG_LADY,Soul of Dog Lady (MM),PROGRESSION
MM_SOUL_NPC_FISHING_POND_OWNER,Soul of Trading Post Owner (MM),PROGRESSION
MM_SOUL_NPC_GORMAN,Soul of Gorman & Bros. (MM),PROGRESSION
MM_SOUL_NPC_GORON,Soul of Gorons (MM),PROGRESSION
MM_SOUL_NPC_GORON_CHILD,Soul of the Goron Baby (MM),PROGRESSION
MM_SOUL_NPC_GORON_ELDER,Soul of the Goron Elder,PROGRESSION
MM_SOUL_NPC_GORON_SHOPKEEPER,Soul of the Goron Shopkeeper (MM),PROGRESSION
MM_SOUL_NPC_GROG,Soul of Grog (MM),PROGRESSION
MM_SOUL_NPC_GURU_GURU,Soul of Guru-Guru (MM),PROGRESSION
MM_SOUL_NPC_HONEY_DARLING,Soul of Honey & Darling (MM),PROGRESSION
MM_SOUL_NPC_KAFEI,Soul of Kafei,PROGRESSION
MM_SOUL_NPC_KEATON,Soul of Keaton,PROGRESSION
MM_SOUL_NPC_KOUME_KOTAKE,Soul of Koume and Kotake,PROGRESSION
MM_SOUL_NPC_MALON,Soul of Romani/Cremia (MM),PROGRESSION
MM_SOUL_NPC_MAYOR_DOTOUR,Soul of Mayor Dotour,PROGRESSION
MM_SOUL_NPC_MEDIGORON,Soul of Keg Trial Goron (MM),PROGRESSION
MM_SOUL_NPC_MOON_CHILDREN,Soul of Moon Children,PROGRESSION
MM_SOUL_NPC_OLD_HAG,Soul of Anju's Grandmother (MM),PROGRESSION
MM_SOUL_NPC_PLAYGROUND_SCRUBS,Soul of Playground Scrubs,PROGRESSION
MM_SOUL_NPC_POE_COLLECTOR,Soul of Ghost Hut Owner (MM),PROGRESSION
MM_SOUL_NPC_ROOFTOP_MAN,Soul of Part-Timer (MM),PROGRESSION
MM_SOUL_NPC_RUTO,Soul of Lulu (MM),PROGRESSION
MM_SOUL_NPC_SCIENTIST,Soul of the Scientist (MM),PROGRESSION
MM_SOUL_NPC_SHOOTING_GALLERY_OWNER,Soul of Town Archery Owner (MM),PROGRESSION
MM_SOUL_NPC_TALON,Soul of Mr. Barten (MM),PROGRESSION
MM_SOUL_NPC_THIEVES,Soul of the Patrolling Pirates and their Chief,PROGRESSION
MM_SOUL_NPC_TINGLE,Soul of Tingle,PROGRESSION
MM_SOUL_NPC_TOILET_HAND,Soul of Toilet Hand,PROGRESSION
MM_SOUL_NPC_TOTO,Soul of Toto(MM),PROGRESSION
MM_SOUL_NPC_TOURIST_CENTER,Soul of Tourist Center Owner,PROGRESSION
MM_SOUL_NPC_ZORA,Soul of Zoras (MM),PROGRESSION
MM_SOUL_NPC_ZORA_MUSICIANS,Soul of the Zora Musicians,PROGRESSION
MM_SOUL_NPC_ZORA_SHOPKEEPER,Soul of the Zora Shopkeeper (MM),PROGRESSION
MM_SPELL_FIRE,Din's Fire (MM),PROGRESSION
MM_SPELL_LOVE,Nayru's Love (MM),PROGRESSION
MM_SPELL_WIND,Farore's Wind (MM),PROGRESSION
MM_SPIN_UPGRADE,Spin Attack Upgrade (MM),PROGRESSION
MM_STICK,Deku Stick (MM),FILLER
MM_STICK_UPGRADE,Deku Stick Upgrade (MM),USEFUL
MM_STONE_OF_AGONY,Stone of Agony (MM),PROGRESSION
MM_STRAY_FAIRY_GB,Stray Fairy (Great Bay Temple),PROGRESSION
MM_STRAY_FAIRY_SH,Stray Fairy (Snowhead Temple),PROGRESSION
MM_STRAY_FAIRY_ST,Stray Fairy (Stone Tower Temple),PROGRESSION
MM_STRAY_FAIRY_TOWN,Stray Fairy (Clock Town),PROGRESSION
MM_STRAY_FAIRY_WF,Stray Fairy (Woodfall Temple),PROGRESSION
MM_STRENGTH,Progressive Strength (MM),PROGRESSION
MM_SWORD,Progressive Sword (MM),PROGRESSION
MM_TRAP_RUPOOR,Rupoor (MM),TRAP
MM_TUNIC_GORON,Goron Tunic (MM),PROGRESSION
MM_TUNIC_ZORA,Zora Tunic (MM),PROGRESSION
MM_WALLET,Progressive Wallet (MM),PROGRESSION
MM_WORLD_MAP_CLOCK_TOWN,World Map of Clock Town,USEFUL
MM_WORLD_MAP_GREAT_BAY,World Map of Great Bay,USEFUL
MM_WORLD_MAP_ROMANI_RANCH,World Map of Ranch,USEFUL
MM_WORLD_MAP_SNOWHEAD,World Map of Snowhead,USEFUL
MM_WORLD_MAP_STONE_TOWER,World Map of Stone Tower,USEFUL
MM_WORLD_MAP_WOODFALL,World Map of Woodfall,USEFUL
NOTHING,Nothing,TRAP
OOT_ARROW_FIRE,Fire Arrows (OoT),PROGRESSION
OOT_ARROW_ICE,Ice Arrows (OoT),PROGRESSION
OOT_ARROW_LIGHT,Light Arrows (OoT),PROGRESSION
OOT_BIG_POE,Big Poe (OoT),FILLER
OOT_BLUE_FIRE,Blue Fire,FILLER
OOT_BOMB,Bomb (OoT),FILLER
OOT_BOMB_BAG,Bomb Bag (OoT),PROGRESSION
OOT_BOMBCHU_BAG,Bombchu Bag (OoT),PROGRESSION
OOT_BOOMERANG,Boomerang,PROGRESSION
OOT_BOOTS_HOVER,Hover Boots (OoT),PROGRESSION
OOT_BOOTS_IRON,Iron Boots (OoT),PROGRESSION
OOT_BOSS_KEY_FIRE,Boss Key (Fire Temple),PROGRESSION
OOT_BOSS_KEY_FOREST,Boss Key (Forest Temple),PROGRESSION
OOT_BOSS_KEY_GANON,Boss Key (Ganon's Castle),PROGRESSION
OOT_BOSS_KEY_SHADOW,Boss Key (Shadow Temple),PROGRESSION
OOT_BOSS_KEY_SPIRIT,Boss Key (Spirit Temple),PROGRESSION
OOT_BOSS_KEY_WATER,Boss Key (Water Temple),PROGRESSION
OOT_BOTTLE_BIG_POE,Bottled Big Poe (OoT),PROGRESSION
OOT_BOTTLE_BLUE_FIRE,Bottle of Blue Fire,PROGRESSION
OOT_BOTTLE_EMPTY,Empty Bottle (OoT),PROGRESSION
OOT_BOTTLE_FAIRY,Bottled Fairy (OoT),PROGRESSION
OOT_BOTTLE_MILK,Bottle of Milk (OoT),PROGRESSION
OOT_BOTTLE_POE,Bottled Poe (OoT),PROGRESSION
OOT_BOTTLE_POTION_BLUE,Bottle of Blue Potion (OoT),PROGRESSION
OOT_BOTTLE_POTION_GREEN,Bottle of Green Potion (OoT),PROGRESSION
OOT_BOTTLE_POTION_RED,Bottle of Red Potion (OoT),PROGRESSION
OOT_BOW,Fairy Bow (OoT),PROGRESSION
OOT_BROKEN_GORON_SWORD,Broken Goron's Sword,PROGRESSION
OOT_BUG,Bugs (OoT),FILLER
OOT_BUTTON_A,A Button (OoT),PROGRESSION
OOT_BUTTON_C_DOWN,C-Down Button (OoT),PROGRESSION
OOT_BUTTON_C_LEFT,C-Left Button (OoT),PROGRESSION
OOT_BUTTON_C_RIGHT,C-Right Button (OoT),PROGRESSION
OOT_BUTTON_C_UP,C-Up Button (OoT),PROGRESSION
OOT_CHICKEN,Chicken,PROGRESSION
OOT_CLAIM_CHECK,Claim Check,PROGRESSION
OOT_COIN_BLUE,Coin (Blue),PROGRESSION
OOT_COIN_GREEN,Coin (Green),PROGRESSION
OOT_COIN_RED,Coin (Red),PROGRESSION
OOT_COIN_YELLOW,Coin (Yellow),PROGRESSION
OOT_COJIRO,Cojiro,PROGRESSION
OOT_COMPASS_BOTW,Compass (Bottom of the Well),USEFUL
OOT_COMPASS_DC,Compass (Dodongo's Cavern),USEFUL
OOT_COMPASS_DT,Compass (Deku Tree),USEFUL
OOT_COMPASS_FIRE,Compass (Fire Temple),USEFUL
OOT_COMPASS_FOREST,Compass (Forest Temple),USEFUL
OOT_COMPASS_IC,Compass (Ice Cavern),USEFUL
OOT_COMPASS_JJ,Compass (Jabu-Jabu's Belly),USEFUL
OOT_COMPASS_SHADOW,Compass (Shadow Temple),USEFUL
OOT_COMPASS_SPIRIT,Compass (Spirit Temple),USEFUL
OOT_COMPASS_WATER,Compass (Water Temple),USEFUL
OOT_DEFENSE_UPGRADE,Double Defense (OoT),USEFUL
OOT_EYE_DROPS,Eye Drops,PROGRESSION
OOT_EYEBALL_FROG,Eyeball Frog,PROGRESSION
OOT_FAIRY,Fairy (OoT),FILLER
OOT_FAIRY_BIG,Big Fairy (OoT),FILLER
OOT_FISH,Fish (OoT),FILLER
OOT_FISHING_POND_ADULT_FISH,Adult Fish (Placeholder),REMOVED
OOT_FISHING_POND_ADULT_FISH_10LBS,Adult Fish (10 pounds),PROGRESSION
OOT_FISHING_POND_ADULT_FISH_11LBS,Adult Fish (11 pounds),PROGRESSION
OOT_FISHING_POND_ADULT_FISH_12LBS,Adult Fish (12 pounds),PROGRESSION
OOT_FISHING_POND_ADULT_FISH_13LBS,Adult Fish (13 pounds),PROGRESSION
OOT_FISHING_POND_ADULT_FISH_14LBS,Adult Fish (14 pounds),PROGRESSION
OOT_FISHING_POND_ADULT_FISH_15LBS,Adult Fish (15 pounds),PROGRESSION
OOT_FISHING_POND_ADULT_FISH_16LBS,Adult Fish (16 pounds),PROGRESSION
OOT_FISHING_POND_ADULT_FISH_17LBS,Adult Fish (17 pounds),PROGRESSION
OOT_FISHING_POND_ADULT_FISH_18LBS,Adult Fish (18 pounds),PROGRESSION
OOT_FISHING_POND_ADULT_FISH_19LBS,Adult Fish (19 pounds),PROGRESSION
OOT_FISHING_POND_ADULT_FISH_20LBS,Adult Fish (20 pounds),PROGRESSION
OOT_FISHING_POND_ADULT_FISH_21LBS,Adult Fish (21 pounds),PROGRESSION
OOT_FISHING_POND_ADULT_FISH_22LBS,Adult Fish (22 pounds),PROGRESSION
OOT_FISHING_POND_ADULT_FISH_23LBS,Adult Fish (23 pounds),PROGRESSION
OOT_FISHING_POND_ADULT_FISH_24LBS,Adult Fish (24 pounds),PROGRESSION
OOT_FISHING_POND_ADULT_FISH_25LBS,Adult Fish (25 pounds),PROGRESSION
OOT_FISHING_POND_ADULT_FISH_4LBS,Adult Fish (4 pounds),FILLER
OOT_FISHING_POND_ADULT_FISH_5LBS,Adult Fish (5 pounds),FILLER
OOT_FISHING_POND_ADULT_FISH_6LBS,Adult Fish (6 pounds),FILLER
OOT_FISHING_POND_ADULT_FISH_7LBS,Adult Fish (7 pounds),FILLER
OOT_FISHING_POND_ADULT_FISH_8LBS,Adult Fish (8 pounds),PROGRESSION
OOT_FISHING_POND_ADULT_FISH_9LBS,Adult Fish (9 pounds),PROGRESSION
OOT_FISHING_POND_ADULT_LOACH,Adult Loach (Placeholder),REMOVED
OOT_FISHING_POND_ADULT_LOACH_29LBS,Adult Loach (29 pounds),PROGRESSION
OOT_FISHING_POND_ADULT_LOACH_30LBS,Adult Loach (30 pounds),PROGRESSION
OOT_FISHING_POND_ADULT_LOACH_31LBS,Adult Loach (31 pounds),PROGRESSION
OOT_FISHING_POND_ADULT_LOACH_32LBS,Adult Loach (32 pounds),PROGRESSION
OOT_FISHING_POND_ADULT_LOACH_33LBS,Adult Loach (33 pounds),PROGRESSION
OOT_FISHING_POND_ADULT_LOACH_34LBS,Adult Loach (34 pounds),PROGRESSION
OOT_FISHING_POND_ADULT_LOACH_35LBS,Adult Loach (35 pounds),PROGRESSION
OOT_FISHING_POND_ADULT_LOACH_36LBS,Adult Loach (36 pounds),PROGRESSION
OOT_FISHING_POND_CHILD_FISH,Child Fish (Placeholder),REMOVED
OOT_FISHING_POND_CHILD_FISH_10LBS,Child Fish (10 pounds),PROGRESSION
OOT_FISHING_POND_CHILD_FISH_11LBS,Child Fish (11 pounds),PROGRESSION
OOT_FISHING_POND_CHILD_FISH_12LBS,Child Fish (12 pounds),PROGRESSION
OOT_FISHING_POND_CHILD_FISH_13LBS,Child Fish (13 pounds),PROGRESSION
OOT_FISHING_POND_CHILD_FISH_14LBS,Child Fish (14 pounds),PROGRESSION
OOT_FISHING_POND_CHILD_FISH_2LBS,Child Fish (2 pounds),FILLER
OOT_FISHING_POND_CHILD_FISH_3LBS,Child Fish (3 pounds),FILLER
OOT_FISHING_POND_CHILD_FISH_4LBS,Child Fish (4 pounds),FILLER
OOT_FISHING_POND_CHILD_FISH_5LBS,Child Fish (5 pounds),FILLER
OOT_FISHING_POND_CHILD_FISH_6LBS,Child Fish (6 pounds),FILLER
OOT_FISHING_POND_CHILD_FISH_7LBS,Child Fish (7 pounds),PROGRESSION
OOT_FISHING_POND_CHILD_FISH_8LBS,Child Fish (8 pounds),PROGRESSION
OOT_FISHING_POND_CHILD_FISH_9LBS,Child Fish (9 pounds),PROGRESSION
OOT_FISHING_POND_CHILD_LOACH,Child Loach (Placeholder),REMOVED
OOT_FISHING_POND_CHILD_LOACH_14LBS,Child Loach (14 pounds),PROGRESSION
OOT_FISHING_POND_CHILD_LOACH_15LBS,Child Loach (15 pounds),PROGRESSION
OOT_FISHING_POND_CHILD_LOACH_16LBS,Child Loach (16 pounds),PROGRESSION
OOT_FISHING_POND_CHILD_LOACH_17LBS,Child Loach (17 pounds),PROGRESSION
OOT_FISHING_POND_CHILD_LOACH_18LBS,Child Loach (18 pounds),PROGRESSION
OOT_FISHING_POND_CHILD_LOACH_19LBS,Child Loach (19 pounds),PROGRESSION
OOT_GERUDO_CARD,Gerudo's Membership Card,PROGRESSION
OOT_GS_TOKEN,Gold Skulltula Token,PROGRESSION
OOT_HAMMER,Megaton Hammer (OoT),PROGRESSION
OOT_HEART_CONTAINER,Heart Container (OoT),USEFUL
OOT_HEART_PIECE,Piece of Heart (OoT),USEFUL
OOT_HOOKSHOT,Progressive Hookshot (OoT),PROGRESSION
OOT_KEY_RING_BOTW,Key Ring (Well),PROGRESSION
OOT_KEY_RING_FIRE,Key Ring (Fire),PROGRESSION
OOT_KEY_RING_FOREST,Key Ring (Forest),PROGRESSION
OOT_KEY_RING_GANON,Key Ring (Ganon),PROGRESSION
OOT_KEY_RING_GF,Key Ring (Hideout),PROGRESSION
OOT_KEY_RING_GTG,Key Ring (GTG),PROGRESSION
OOT_KEY_RING_SHADOW,Key Ring (Shadow),PROGRESSION
OOT_KEY_RING_SPIRIT,Key Ring (Spirit),PROGRESSION
OOT_KEY_RING_TCG,Key Ring (Chest Game),PROGRESSION
OOT_KEY_RING_WATER,Key Ring (Water),PROGRESSION
OOT_LENS,Lens of Truth (OoT),PROGRESSION
OOT_MAGIC_BEAN,Magic Beans (OoT),PROGRESSION
OOT_MAGIC_JAR_LARGE,Large Magic Jar (OoT),FILLER
OOT_MAGIC_JAR_SMALL,Small Magic Jar (OoT),FILLER
OOT_MAGIC_UPGRADE,Magic Upgrade (OoT),PROGRESSION
OOT_MAP_BOTW,Map (Bottom of the Well),USEFUL
OOT_MAP_DC,Map (Dodongo's Cavern),USEFUL
OOT_MAP_DT,Map (Deku Tree),USEFUL
OOT_MAP_FIRE,Map (Fire Temple),USEFUL
OOT_MAP_FOREST,Map (Forest Temple),USEFUL
OOT_MAP_IC,Map (Ice Cavern),USEFUL
OOT_MAP_JJ,Map (Jabu-Jabu's Belly),USEFUL
OOT_MAP_SHADOW,Map (Shadow Temple),USEFUL
OOT_MAP_SPIRIT,Map (Spirit Temple),USEFUL
OOT_MAP_WATER,Map (Water Temple),USEFUL
OOT_MASK_BLAST,Blast Mask (OoT),PROGRESSION
OOT_MASK_BUNNY,Bunny Hood (OoT),PROGRESSION
OOT_MASK_GERUDO,Gerudo Mask,FILLER
OOT_MASK_GORON,Goron Mask (OoT),FILLER
OOT_MASK_KEATON,Keaton Mask (OoT),PROGRESSION
OOT_MASK_SKULL,Skull Mask,PROGRESSION
OOT_MASK_SPOOKY,Spooky Mask,PROGRESSION
OOT_MASK_STONE,Stone Mask (OoT),PROGRESSION
OOT_MASK_TRUTH,Mask of Truth (OoT),PROGRESSION
OOT_MASK_ZORA,Zora Mask (OoT),FILLER
OOT_MEDALLION_FIRE,Fire Medallion,PROGRESSION
OOT_MEDALLION_FOREST,Forest Medallion,PROGRESSION
OOT_MEDALLION_LIGHT,Light Medallion,PROGRESSION
OOT_MEDALLION_SHADOW,Shadow Medallion,PROGRESSION
OOT_MEDALLION_SPIRIT,Spirit Medallion,PROGRESSION
OOT_MEDALLION_WATER,Water Medallion,PROGRESSION
OOT_MILK,Lon Lon Milk (OoT),FILLER
OOT_NUT_UPGRADE,Deku Nut Upgrade (OoT),FILLER
OOT_OCARINA,Progressive Ocarina (OoT),PROGRESSION
OOT_ODD_MUSHROOM,Odd Mushroom,PROGRESSION
OOT_ODD_POTION,Odd Potion,PROGRESSION
OOT_POACHER_SAW,Poacher's Saw,PROGRESSION
OOT_POCKET_CUCCO,Pocket Cucco,PROGRESSION
OOT_POCKET_EGG,Pocket Egg,PROGRESSION
OOT_POE,Poe (OoT),FILLER
OOT_POTION_BLUE,Blue Potion (OoT),FILLER
OOT_POTION_GREEN,Green Potion (OoT),FILLER
OOT_POTION_RED,Red Potion (OoT),FILLER
OOT_POUCH_SILVER_BOTW,Silver Rupee Pouch (Bottom of the Well),PROGRESSION
OOT_POUCH_SILVER_DC,Silver Rupee Pouch (Dodongo's Cavern),PROGRESSION
OOT_POUCH_SILVER_GANON_FIRE,Silver Rupee Pouch (Ganon's Castle - Fire Trial),PROGRESSION
OOT_POUCH_SILVER_GANON_FOREST,Silver Rupee Pouch (Ganon's Castle - Forest Trial),PROGRESSION
OOT_POUCH_SILVER_GANON_LIGHT,Silver Rupee Pouch (Ganon's Castle - Light Trial),PROGRESSION
OOT_POUCH_SILVER_GANON_SHADOW,Silver Rupee Pouch (Ganon's Castle - Shadow Trial),PROGRESSION
OOT_POUCH_SILVER_GANON_SPIRIT,Silver Rupee Pouch (Ganon's Castle - Spirit Trial),PROGRESSION
OOT_POUCH_SILVER_GANON_WATER,Silver Rupee Pouch (Ganon's Castle - Water Trial),PROGRESSION
OOT_POUCH_SILVER_GTG_LAVA,Silver Rupee Pouch (Gerudo Training Ground - Lava),PROGRESSION
OOT_POUCH_SILVER_GTG_SLOPES,Silver Rupee Pouch (Gerudo Training Ground - Slopes),PROGRESSION
OOT_POUCH_SILVER_GTG_WATER,Silver Rupee Pouch (Gerudo Training Ground - Water),PROGRESSION
OOT_POUCH_SILVER_IC_BLOCK,Silver Rupee Pouch (Ice Cavern - Block),PROGRESSION
OOT_POUCH_SILVER_IC_SCYTHE,Silver Rupee Pouch (Ice Cavern - Scythe),PROGRESSION
OOT_POUCH_SILVER_SHADOW_BLADES,Silver Rupee Pouch (Shadow Temple - Invisible Blades),PROGRESSION
OOT_POUCH_SILVER_SHADOW_PIT,Silver Rupee Pouch (Shadow Temple - Large Pits),PROGRESSION
OOT_POUCH_SILVER_SHADOW_SCYTHE,Silver Rupee Pouch (Shadow Temple - Scythe),PROGRESSION
OOT_POUCH_SILVER_SHADOW_SPIKES,Silver Rupee Pouch (Shadow Temple - Spikes),PROGRESSION
OOT_POUCH_SILVER_SPIRIT_ADULT,Silver Rupee Pouch (Spirit Temple - Adult),PROGRESSION
OOT_POUCH_SILVER_SPIRIT_BOULDERS,Silver Rupee Pouch (Spirit Temple - Boulders),PROGRESSION
OOT_POUCH_SILVER_SPIRIT_CHILD,Silver Rupee Pouch (Spirit Temple - Child),PROGRESSION
OOT_POUCH_SILVER_SPIRIT_LOBBY,Silver Rupee Pouch (Spirit Temple - Lobby),PROGRESSION
OOT_POUCH_SILVER_SPIRIT_SUN,Silver Rupee Pouch (Spirit Temple - Sun Block),PROGRESSION
OOT_PRESCRIPTION,Prescription,PROGRESSION
OOT_RECOVERY_HEART,Recovery Heart (OoT),FILLER
OOT_RUPEE_BLUE,Blue Rupee (OoT),FILLER
OOT_RUPEE_GREEN,Green Rupee (OoT),FILLER
OOT_RUPEE_HUGE,Gold Rupee (OoT),FILLER
OOT_RUPEE_MAGICAL,Magical Silver Rupee,PROGRESSION
OOT_RUPEE_PURPLE,Purple Rupee (OoT),FILLER
OOT_RUPEE_RAINBOW,Rainbow Rupee (OoT),USEFUL
OOT_RUPEE_RED,Red Rupee (OoT),FILLER
OOT_RUPEE_SILVER_BOTW,Silver Rupee (Bottom of the Well),PROGRESSION
OOT_RUPEE_SILVER_DC,Silver Rupee (Dodongo's Cavern),PROGRESSION
OOT_RUPEE_SILVER_GANON_FIRE,Silver Rupee (Ganon's Castle - Fire Trial),PROGRESSION
OOT_RUPEE_SILVER_GANON_FOREST,Silver Rupee (Ganon's Castle - Forest Trial),PROGRESSION
OOT_RUPEE_SILVER_GANON_LIGHT,Silver Rupee (Ganon's Castle - Light Trial),PROGRESSION
OOT_RUPEE_SILVER_GANON_SHADOW,Silver Rupee (Ganon's Castle - Shadow Trial),PROGRESSION
OOT_RUPEE_SILVER_GANON_SPIRIT,Silver Rupee (Ganon's Castle - Spirit Trial),PROGRESSION
OOT_RUPEE_SILVER_GANON_WATER,Silver Rupee (Ganon's Castle - Water Trial),PROGRESSION
OOT_RUPEE_SILVER_GTG_LAVA,Silver Rupee (Gerudo Training Ground - Lava),PROGRESSION
OOT_RUPEE_SILVER_GTG_SLOPES,Silver Rupee (Gerudo Training Ground - Slopes),PROGRESSION
OOT_RUPEE_SILVER_GTG_WATER,Silver Rupee (Gerudo Training Ground - Water),PROGRESSION
OOT_RUPEE_SILVER_IC_BLOCK,Silver Rupee (Ice Cavern - Block),PROGRESSION
OOT_RUPEE_SILVER_IC_SCYTHE,Silver Rupee (Ice Cavern - Scythe),PROGRESSION
OOT_RUPEE_SILVER_SHADOW_BLADES,Silver Rupee (Shadow Temple - Invisible Blades),PROGRESSION
OOT_RUPEE_SILVER_SHADOW_PIT,Silver Rupee (Shadow Temple - Large Pits),PROGRESSION
OOT_RUPEE_SILVER_SHADOW_SCYTHE,Silver Rupee (Shadow Temple - Scythe),PROGRESSION
OOT_RUPEE_SILVER_SHADOW_SPIKES,Silver Rupee (Shadow Temple - Spikes),PROGRESSION
OOT_RUPEE_SILVER_SPIRIT_ADULT,Silver Rupee (Spirit Temple - Adult),PROGRESSION
OOT_RUPEE_SILVER_SPIRIT_BOULDERS,Silver Rupee (Spirit Temple - Boulders),PROGRESSION
OOT_RUPEE_SILVER_SPIRIT_CHILD,Silver Rupee (Spirit Temple - Child),PROGRESSION
OOT_RUPEE_SILVER_SPIRIT_LOBBY,Silver Rupee (Spirit Temple - Lobby),PROGRESSION
OOT_RUPEE_SILVER_SPIRIT_SUN,Silver Rupee (Spirit Temple - Sun Block),PROGRESSION
OOT_RUTO_LETTER,Ruto's Letter,PROGRESSION
OOT_SCALE,Progressive Scale (Oot),PROGRESSION
OOT_SHIELD,Progressive Shield (OoT),PROGRESSION
OOT_SHIELD_DEKU,Deku Shield (OoT),USEFUL
OOT_SHIELD_HYLIAN,Hylian Shield,USEFUL
OOT_SHIELD_MIRROR,Mirror Shield (OoT),PROGRESSION
OOT_SKELETON_KEY,Skeleton Key (OoT),PROGRESSION
OOT_SLINGSHOT,Fairy Slingshot,PROGRESSION
OOT_SMALL_KEY_BOTW,Small Key (Bottom of the Well),PROGRESSION
OOT_SMALL_KEY_FIRE,Small Key (Fire Temple),PROGRESSION
OOT_SMALL_KEY_FOREST,Small Key (Forest Temple),PROGRESSION
OOT_SMALL_KEY_GANON,Small Key (Ganon's Castle),PROGRESSION
OOT_SMALL_KEY_GF,Small Key (Gerudo's Fortress),PROGRESSION
OOT_SMALL_KEY_GTG,Small Key (Gerudo's Training Ground),PROGRESSION
OOT_SMALL_KEY_SHADOW,Small Key (Shadow Temple),PROGRESSION
OOT_SMALL_KEY_SPIRIT,Small Key (Spirit Temple),PROGRESSION
OOT_SMALL_KEY_TCG,Small Key (Chest Game),PROGRESSION
OOT_SMALL_KEY_WATER,Small Key (Water Temple),PROGRESSION
OOT_SONG_EMPTINESS,Elegy of Emptiness (OoT),PROGRESSION
OOT_SONG_EPONA,Epona's Song (OoT),PROGRESSION
OOT_SONG_SARIA,Saria's Song,PROGRESSION
OOT_SONG_STORMS,Song of Storms (OoT),PROGRESSION
OOT_SONG_SUN,Sun's Song (OoT),PROGRESSION
OOT_SONG_TIME,Song of Time (OoT),PROGRESSION
OOT_SONG_TP_FIRE,Bolero of Fire,PROGRESSION
OOT_SONG_TP_FOREST,Minuet of Forest,PROGRESSION
OOT_SONG_TP_LIGHT,Prelude of Light,PROGRESSION
OOT_SONG_TP_SHADOW,Nocturne of Shadow,PROGRESSION
OOT_SONG_TP_SPIRIT,Requiem of Spirit,PROGRESSION
OOT_SONG_TP_WATER,Serenade of Water,PROGRESSION
OOT_SONG_ZELDA,Zelda's Lullaby,PROGRESSION
OOT_SOUL_BOSS_BARINADE,Soul of Barinade,PROGRESSION
OOT_SOUL_BOSS_BONGO_BONGO,Soul of Bongo Bongo,PROGRESSION
OOT_SOUL_BOSS_KING_DODONGO,Soul of King Dodongo,PROGRESSION
OOT_SOUL_BOSS_MORPHA,Soul of Morpha,PROGRESSION
OOT_SOUL_BOSS_PHANTOM_GANON,Soul of Phantom Ganon,PROGRESSION
OOT_SOUL_BOSS_QUEEN_GOHMA,Soul of Queen Gohma,PROGRESSION
OOT_SOUL_BOSS_TWINROVA,Soul of Twinrova,PROGRESSION
OOT_SOUL_BOSS_VOLVAGIA,Soul of Volvagia,PROGRESSION
OOT_SOUL_ENEMY_ANUBIS,Soul of Anubis,PROGRESSION
OOT_SOUL_ENEMY_ARMOS,Soul of Armos (OoT),PROGRESSION
OOT_SOUL_ENEMY_BABY_DODONGO,Soul of Baby Dodongos,PROGRESSION
OOT_SOUL_ENEMY_BEAMOS,Soul of Beamos (OoT),PROGRESSION
OOT_SOUL_ENEMY_BIRI_BARI,Soul of Biris/Baris,PROGRESSION
OOT_SOUL_ENEMY_BUBBLE,Soul of Bubbles (OoT),PROGRESSION
OOT_SOUL_ENEMY_DARK_LINK,Soul of Dark Link,PROGRESSION
OOT_SOUL_ENEMY_DEAD_HAND,Soul of Dead Hands,PROGRESSION
OOT_SOUL_ENEMY_DEKU_BABA,Soul of Deku Babas (OoT),PROGRESSION
OOT_SOUL_ENEMY_DEKU_SCRUB,Soul of Deku Scrubs (OoT),PROGRESSION
OOT_SOUL_ENEMY_DODONGO,Soul of Dodongos (OoT),PROGRESSION
OOT_SOUL_ENEMY_FLARE_DANCER,Soul of Flare Dancers,PROGRESSION
OOT_SOUL_ENEMY_FLOORMASTER,Soul of Floormasters (OoT),PROGRESSION
OOT_SOUL_ENEMY_FLYING_POT,Soul of Flying Pots (OoT),PROGRESSION
OOT_SOUL_ENEMY_FREEZARD,Soul of Freezards (OoT),PROGRESSION
OOT_SOUL_ENEMY_GOHMA_LARVA,Soul of Gohma Larvaes,FILLER
OOT_SOUL_ENEMY_GUAY,Soul of Guays (OoT),PROGRESSION
OOT_SOUL_ENEMY_IRON_KNUCKLE,Soul of Iron Knuckles (OoT),PROGRESSION
OOT_SOUL_ENEMY_KEESE,Soul of Keese (OoT),PROGRESSION
OOT_SOUL_ENEMY_LEEVER,Soul of Leevers (OoT),PROGRESSION
OOT_SOUL_ENEMY_LIKE_LIKE,Soul of Like Likes (OoT),PROGRESSION
OOT_SOUL_ENEMY_LIZALFOS_DINALFOS,Soul of Lizalfos/Dinolfos (OoT),PROGRESSION
OOT_SOUL_ENEMY_MOBLIN,Soul of Moblins,FILLER
OOT_SOUL_ENEMY_OCTOROK,Soul of Octoroks (OoT),PROGRESSION
OOT_SOUL_ENEMY_PARASITE,Soul of Jabu-Jabu's Parasites,PROGRESSION
OOT_SOUL_ENEMY_PEAHAT,Soul of Peahats (OoT),PROGRESSION
OOT_SOUL_ENEMY_REDEAD_GIBDO,Soul of ReDeads/Gibdos (OoT),PROGRESSION
OOT_SOUL_ENEMY_SHABOM,Soul of Shaboms,PROGRESSION
OOT_SOUL_ENEMY_SHELL_BLADE,Soul of Shell Blades (OoT),PROGRESSION
OOT_SOUL_ENEMY_SKULL_KID,Soul of Skull Kids (OoT),FILLER
OOT_SOUL_ENEMY_SKULLTULA,Soul of Skulltulas (OoT),PROGRESSION
OOT_SOUL_ENEMY_SKULLWALLTULA,Soul of Skullwalltulas (OoT),PROGRESSION
OOT_SOUL_ENEMY_SPIKE,Soul of Spikes,PROGRESSION
OOT_SOUL_ENEMY_STALCHILD,Soul of Stalchildren (OoT),PROGRESSION
OOT_SOUL_ENEMY_STALFOS,Soul of Stalfos (OoT),PROGRESSION
OOT_SOUL_ENEMY_STINGER,Soul of Stingers,PROGRESSION
OOT_SOUL_ENEMY_TAILPASARN,Soul of Tailpasarans,FILLER
OOT_SOUL_ENEMY_TEKTITE,Soul of Tektites (OoT),PROGRESSION
OOT_SOUL_ENEMY_THIEVES,Soul of the Fighting Gerudos,PROGRESSION
OOT_SOUL_ENEMY_TORCH_SLUG,Soul of Torch Slugs,PROGRESSION
OOT_SOUL_ENEMY_WALLMASTER,Soul of Wallmasters (OoT),PROGRESSION
OOT_SOUL_ENEMY_WOLFOS,Soul of Wolfoses (OoT),PROGRESSION
OOT_SOUL_MISC_BUSINESS_SCRUB,Soul of Business Scrubs (OoT),PROGRESSION
OOT_SOUL_MISC_GS,Soul of Gold Skulltulas (OoT),PROGRESSION
OOT_SOUL_NPC_ANJU,Soul of Cucco Lady (OoT),PROGRESSION
OOT_SOUL_NPC_ASTRONOMER,Soul of the Astronomer (OoT),PROGRESSION
OOT_SOUL_NPC_BANKER,Soul of the Beggar (OoT),PROGRESSION
OOT_SOUL_NPC_BAZAAR_SHOPKEEPER,Soul of Bazaar Shopkeeper (OoT),PROGRESSION
OOT_SOUL_NPC_BEAN_SALESMAN,Soul of the Bean Salesman (OoT),PROGRESSION
OOT_SOUL_NPC_BIGGORON,Soul of Biggoron (OoT),PROGRESSION
OOT_SOUL_NPC_BOMBCHU_BOWLING_LADY,Soul of Bombchu Bowling Lady (OoT),PROGRESSION
OOT_SOUL_NPC_BOMBCHU_SHOPKEEPER,Soul of Bombchu Shopkeeper (OoT),PROGRESSION
OOT_SOUL_NPC_BOMBERS,Soul of Graveyard Kid (OoT),PROGRESSION
OOT_SOUL_NPC_CARPENTERS,Soul of Carpenters (OoT),PROGRESSION
OOT_SOUL_NPC_CARPET_MAN,Soul of the Carpet Man (OoT),PROGRESSION
OOT_SOUL_NPC_CHEST_GAME_OWNER,Soul of Chest Game Owner (OoT),PROGRESSION
OOT_SOUL_NPC_CITIZEN,Soul of the Citizens (OoT),PROGRESSION
OOT_SOUL_NPC_COMPOSER_BROS,Soul of Composer Bros. (OoT),PROGRESSION
OOT_SOUL_NPC_DAMPE,Soul of Dampe (OoT),PROGRESSION
OOT_SOUL_NPC_DARUNIA,Soul of Darunia,PROGRESSION
OOT_SOUL_NPC_DOG_LADY,Soul of the Dog Lady (OoT),PROGRESSION
OOT_SOUL_NPC_FISHING_POND_OWNER,Soul of Fishing Pond Owner (OoT),PROGRESSION
OOT_SOUL_NPC_GORMAN,Soul of Ingo (OoT),PROGRESSION
OOT_SOUL_NPC_GORON,Soul of Goron (OoT),PROGRESSION
OOT_SOUL_NPC_GORON_CHILD,Soul of Goron Child (OoT),PROGRESSION
OOT_SOUL_NPC_GORON_SHOPKEEPER,Soul of Goron Shopkeeper (OoT),PROGRESSION
OOT_SOUL_NPC_GROG,Soul of the Punk Kid (OoT),PROGRESSION
OOT_SOUL_NPC_GURU_GURU,Soul of Guru-Guru (OoT),PROGRESSION
OOT_SOUL_NPC_HONEY_DARLING,Soul of Honey & Darling (OoT),PROGRESSION
OOT_SOUL_NPC_HYLIAN_GUARD,Soul of Hylian Guard,PROGRESSION
OOT_SOUL_NPC_KING_ZORA,Soul of King Zora,PROGRESSION
OOT_SOUL_NPC_KOKIRI,Soul of Kokiri,PROGRESSION
OOT_SOUL_NPC_KOKIRI_SHOPKEEPER,Soul of Kokiri Shopkeeper,PROGRESSION
OOT_SOUL_NPC_MALON,Soul of Malon (OoT),PROGRESSION
OOT_SOUL_NPC_MEDIGORON,Soul of Medigoron (OoT),PROGRESSION
OOT_SOUL_NPC_MIDO,Soul of Mido,PROGRESSION
OOT_SOUL_NPC_OLD_HAG,Soul of the Old Hag (OoT),PROGRESSION
OOT_SOUL_NPC_POE_COLLECTOR,Soul of Poe Collector (OoT),PROGRESSION
OOT_SOUL_NPC_POTION_SHOPKEEPER,Soul of Potion Shopkeeper,PROGRESSION
OOT_SOUL_NPC_ROOFTOP_MAN,Soul of the Rooftop Man (OoT),PROGRESSION
OOT_SOUL_NPC_RUTO,Soul of Ruto (OoT),PROGRESSION
OOT_SOUL_NPC_SARIA,Soul of Saria,PROGRESSION
OOT_SOUL_NPC_SCIENTIST,Soul of the Scientist (OoT),PROGRESSION
OOT_SOUL_NPC_SHEIK,Soul of Sheik,PROGRESSION
OOT_SOUL_NPC_SHOOTING_GALLERY_OWNER,Soul of Shooting Gallery Owner (OoT),PROGRESSION
OOT_SOUL_NPC_TALON,Soul of Talon (OoT),PROGRESSION
OOT_SOUL_NPC_THIEVES,Soul of the Patrolling Gerudos,PROGRESSION
OOT_SOUL_NPC_ZELDA,Soul of Zelda,PROGRESSION
OOT_SOUL_NPC_ZORA,Soul of Zora (OoT),PROGRESSION
OOT_SOUL_NPC_ZORA_SHOPKEEPER,Soul of Zora Shopkeeper (OoT),PROGRESSION
OOT_SPELL_FIRE,Din's Fire (OoT),PROGRESSION
OOT_SPELL_LOVE,Nayru's Love (OoT),PROGRESSION
OOT_SPELL_WIND,Farore's Wind (OoT),PROGRESSION
OOT_SPIN_UPGRADE,Spin Attack Upgrade (OoT),USEFUL
OOT_STICK_UPGRADE,Deku Stick Upgrade (OoT),USEFUL
OOT_STONE_EMERALD,Kokiri's Emerald,PROGRESSION
OOT_STONE_OF_AGONY,Stone of Agony (OoT),PROGRESSION
OOT_STONE_RUBY,Goron's Ruby,PROGRESSION
OOT_STONE_SAPPHIRE,Zora's Sapphire,PROGRESSION
OOT_STRENGTH,Progressive Strength (OoT),PROGRESSION
OOT_SWORD,Progressive Sword (OoT),PROGRESSION
OOT_SWORD_BIGGORON,Biggoron's Sword,PROGRESSION
OOT_SWORD_GORON,Progressive Goron Sword,PROGRESSION
OOT_SWORD_KNIFE,Giant's Knife,PROGRESSION
OOT_SWORD_KOKIRI,Kokiri Sword (OoT),PROGRESSION
OOT_SWORD_MASTER,Master Sword,PROGRESSION
OOT_TRAP_ICE,Ice Trap,TRAP
OOT_TRAP_RUPOOR,Rupoor (OoT),TRAP
OOT_TUNIC_GORON,Goron Tunic (OoT),PROGRESSION
OOT_TUNIC_ZORA,Zora Tunic (OoT),PROGRESSION
OOT_WALLET,Progressive Wallet (OoT),PROGRESSION
OOT_WEIRD_EGG,Weird Egg,PROGRESSION
OOT_ZELDA_LETTER,Zelda's Letter,PROGRESSION
SHARED_ARROW_FIRE,Shared Fire Arrows,PROGRESSION
SHARED_ARROW_ICE,Shared Ice Arrows,PROGRESSION
SHARED_ARROW_LIGHT,Shared Light Arrows,PROGRESSION
SHARED_BOMB_BAG,Shared Bomb Bag,PROGRESSION
SHARED_BOMBCHU_BAG,Bombchu Bag,PROGRESSION
SHARED_BOOTS_HOVER,Hover Boots,PROGRESSION
SHARED_BOOTS_IRON,Iron Boots,PROGRESSION
SHARED_BOW,Shared Bow,PROGRESSION
SHARED_BUTTON_A,A Button,PROGRESSION
SHARED_BUTTON_C_DOWN,C-Down Button,PROGRESSION
SHARED_BUTTON_C_LEFT,C-Left Button,PROGRESSION
SHARED_BUTTON_C_RIGHT,C-Right Button,PROGRESSION
SHARED_BUTTON_C_UP,C-Up Button,PROGRESSION
SHARED_DEFENSE_UPGRADE,Double Defense,USEFUL
SHARED_FAIRY_BIG,Big Fairy,FILLER
SHARED_HAMMER,Megaton Hammer,PROGRESSION
SHARED_HEART_CONTAINER,Heart Container,USEFUL
SHARED_HEART_PIECE,Piece of Heart,USEFUL
SHARED_HOOKSHOT,Progressive Hookshot,PROGRESSION
SHARED_LENS,Lens of Truth,PROGRESSION
SHARED_MAGIC_JAR_LARGE,Large Magic Jar,FILLER
SHARED_MAGIC_JAR_SMALL,Small Magic Jar,FILLER
SHARED_MAGIC_UPGRADE,Shared Magic Upgrade,PROGRESSION
SHARED_MASK_BLAST,Blast Mask,PROGRESSION
SHARED_MASK_BUNNY,Bunny Hood,PROGRESSION
SHARED_MASK_GORON,Goron Mask,PROGRESSION
SHARED_MASK_KEATON,Keaton Mask,PROGRESSION
SHARED_MASK_STONE,Stone Mask,PROGRESSION
SHARED_MASK_TRUTH,Mask of Truth,PROGRESSION
SHARED_MASK_ZORA,Zora Mask,PROGRESSION
SHARED_NUT_UPGRADE,Deku Nut Upgrade,USEFUL
SHARED_OCARINA,Progressive Ocarina,PROGRESSION
SHARED_RECOVERY_HEART,Recovery Heart,FILLER
SHARED_RUPEE_BLUE,Blue Rupee,FILLER
SHARED_RUPEE_GOLD,Gold Rupee,FILLER
SHARED_RUPEE_GREEN,Green Rupee,FILLER
SHARED_RUPEE_PURPLE,Purple Rupee,FILLER
SHARED_RUPEE_RAINBOW,Rainbow Rupee,USEFUL
SHARED_RUPEE_RED,Red Rupee,FILLER
SHARED_RUPEE_SILVER,Silver Rupee,FILLER
SHARED_SCALE,Progressive Scale,PROGRESSION
SHARED_SHIELD,Progressive Shield,PROGRESSION
SHARED_SHIELD_DEKU,Deku Shield,USEFUL
SHARED_SHIELD_HYLIAN,Hylian/Hero Shield,USEFUL
SHARED_SHIELD_MIRROR,Mirror Shield,PROGRESSION
SHARED_SKELETON_KEY,Skeleton Key,PROGRESSION
SHARED_SONG_EMPTINESS,Elegy of Emptiness,PROGRESSION
SHARED_SONG_EPONA,Epona's Song,PROGRESSION
SHARED_SONG_STORMS,Song of Storms,PROGRESSION
SHARED_SONG_SUN,Sun's Song,PROGRESSION
SHARED_SONG_TIME,Song of Time,PROGRESSION
SHARED_SOUL_ENEMY_ARMOS,Soul of Armos,PROGRESSION
SHARED_SOUL_ENEMY_BEAMOS,Soul of Beamos,PROGRESSION
SHARED_SOUL_ENEMY_BUBBLE,Soul of Bubbles,PROGRESSION
SHARED_SOUL_ENEMY_DEKU_BABA,Soul of Deku Babas,PROGRESSION
SHARED_SOUL_ENEMY_DEKU_SCRUB,Soul of Deku Scrubs,PROGRESSION
SHARED_SOUL_ENEMY_DODONGO,Soul of Dodongos,PROGRESSION
SHARED_SOUL_ENEMY_FLOORMASTER,Soul of Floormasters,PROGRESSION
SHARED_SOUL_ENEMY_FLYING_POT,Soul of Flying Pots,PROGRESSION
SHARED_SOUL_ENEMY_FREEZARD,Soul of Freezards,PROGRESSION
SHARED_SOUL_ENEMY_GUAY,Soul of Guays,PROGRESSION
SHARED_SOUL_ENEMY_IRON_KNUCKLE,Soul of Iron Knuckles,PROGRESSION
SHARED_SOUL_ENEMY_KEESE,Soul of Keese,PROGRESSION
SHARED_SOUL_ENEMY_LEEVER,Soul of Leevers,PROGRESSION
SHARED_SOUL_ENEMY_LIKE_LIKE,Soul of Like Likes,PROGRESSION
SHARED_SOUL_ENEMY_LIZALFOS_DINALFOS,Soul of Lizalfos/Dinolfos,PROGRESSION
SHARED_SOUL_ENEMY_OCTOROK,Soul of Octoroks,PROGRESSION
SHARED_SOUL_ENEMY_PEAHAT,Soul of Peahats,PROGRESSION
SHARED_SOUL_ENEMY_REDEAD_GIBDO,Soul of ReDeads/Gibdos,PROGRESSION
SHARED_SOUL_ENEMY_SHELL_BLADE,Soul of Shell Blades,PROGRESSION
SHARED_SOUL_ENEMY_SKULLTULA,Soul of Skulltulas,PROGRESSION
SHARED_SOUL_ENEMY_SKULLWALLTULA,Soul of Skullwalltulas,PROGRESSION
SHARED_SOUL_ENEMY_STALCHILD,Soul of Stalchildren,PROGRESSION
SHARED_SOUL_ENEMY_TEKTITE,Soul of Tektites,PROGRESSION
SHARED_SOUL_ENEMY_THIEVES,Soul of Fighting Thieves,PROGRESSION
SHARED_SOUL_ENEMY_WALLMASTER,Soul of Wallmasters,PROGRESSION
SHARED_SOUL_ENEMY_WOLFOS,Soul of Wolfos,PROGRESSION
SHARED_SOUL_MISC_BUSINESS_SCRUB,Soul of Business Scrubs,PROGRESSION
SHARED_SOUL_MISC_GS,Soul of Gold Skulltulas,PROGRESSION
SHARED_SOUL_NPC_ANJU,Soul of Cucco Lady/Anju,PROGRESSION
SHARED_SOUL_NPC_ASTRONOMER,Soul of the Astronomer,PROGRESSION
SHARED_SOUL_NPC_BANKER,Soul of the Beggar/Banker,PROGRESSION
SHARED_SOUL_NPC_BAZAAR_SHOPKEEPER,Soul of the Bazaar/Swamp Archery Owner,PROGRESSION
SHARED_SOUL_NPC_BEAN_SALESMAN,Soul of the Bean Salesman,PROGRESSION
SHARED_SOUL_NPC_BIGGORON,Soul of Biggoron,PROGRESSION
SHARED_SOUL_NPC_BOMBCHU_BOWLING_LADY,Soul of Bombchu Bowling/Chest Game Lady,PROGRESSION
SHARED_SOUL_NPC_BOMBCHU_SHOPKEEPER,Soul of the Bombchu/Bomb Shop Owner,PROGRESSION
SHARED_SOUL_NPC_BOMBERS,Soul of the Graveyard Kid/Bombers,PROGRESSION
SHARED_SOUL_NPC_CARPENTERS,Soul of Carpenters,PROGRESSION
SHARED_SOUL_NPC_CARPET_MAN,Soul of the Carpet Man/Swordsman,PROGRESSION
SHARED_SOUL_NPC_CHEST_GAME_OWNER,Soul of the Chest Game Owner/Fisherman,PROGRESSION
SHARED_SOUL_NPC_CITIZEN,Soul of Citizens,PROGRESSION
SHARED_SOUL_NPC_COMPOSER_BROS,Soul of Composer Bros.,PROGRESSION
SHARED_SOUL_NPC_DAMPE,Soul of Dampe,PROGRESSION
SHARED_SOUL_NPC_DOG_LADY,Soul of the Dog Lady,PROGRESSION
SHARED_SOUL_NPC_FISHING_POND_OWNER,Soul of Fishing Pond/Trading Post Owner,PROGRESSION
SHARED_SOUL_NPC_GORMAN,Soul of Ingo/Gorman & Bros.,PROGRESSION
SHARED_SOUL_NPC_GORON,Soul of Gorons,PROGRESSION
SHARED_SOUL_NPC_GORON_CHILD,Soul of the Goron Child/Baby,PROGRESSION
SHARED_SOUL_NPC_GORON_SHOPKEEPER,Soul of the Goron Shopkeeper,PROGRESSION
SHARED_SOUL_NPC_GROG,Soul of the Punk Kid/Grog,PROGRESSION
SHARED_SOUL_NPC_GURU_GURU,Soul of Guru-Guru,PROGRESSION
SHARED_SOUL_NPC_HONEY_DARLING,Soul of Honey & Darling,PROGRESSION
SHARED_SOUL_NPC_MALON,Soul of Malon/Romani/Cremia,PROGRESSION
SHARED_SOUL_NPC_MEDIGORON,Soul of Medigoron/Keg Trial Goron,PROGRESSION
SHARED_SOUL_NPC_OLD_HAG,Soul of the Old Hag/Anju's Grandmother,PROGRESSION
SHARED_SOUL_NPC_POE_COLLECTOR,Soul of Poe Collector/Ghost Hut Owner,PROGRESSION
SHARED_SOUL_NPC_ROOFTOP_MAN,Soul of Rooftop Man/Part-Timer,PROGRESSION
SHARED_SOUL_NPC_RUTO,Soul of Ruto/Lulu,PROGRESSION
SHARED_SOUL_NPC_SCIENTIST,Soul of the Scientist,PROGRESSION
SHARED_SOUL_NPC_SHOOTING_GALLERY_OWNER,Soul of the Shooting Gallery/Town Archery Owner,PROGRESSION
SHARED_SOUL_NPC_TALON,Soul of Talon/Mr. Barten,PROGRESSION
SHARED_SOUL_NPC_THIEVES,Soul of the Patrolling Thieves and their Chief,PROGRESSION
SHARED_SOUL_NPC_ZORA,Soul of Zoras,PROGRESSION
SHARED_SOUL_NPC_ZORA_SHOPKEEPER,Soul of the Zora Shopkeeper,PROGRESSION
SHARED_SPELL_FIRE,Din's Fire,PROGRESSION
SHARED_SPELL_LOVE,Nayru's Love,PROGRESSION
SHARED_SPELL_WIND,Farore's Wind,PROGRESSION
SHARED_SPIN_UPGRADE,Spin Attack Upgrade,PROGRESSION
SHARED_STICK_UPGRADE,Deku Stick Upgrade,USEFUL
SHARED_STONE_OF_AGONY,Stone of Agony,PROGRESSION
SHARED_STRENGTH,Progressive Strength,PROGRESSION
SHARED_SWORD,Progressive Sword,PROGRESSION
SHARED_TRAP_RUPOOR,Rupoor,TRAP
SHARED_TRIFORCE,Triforce Piece,PROGRESSION
SHARED_TRIFORCE_COURAGE,Triforce of Courage,PROGRESSION
SHARED_TRIFORCE_POWER,Triforce of Power,PROGRESSION
SHARED_TRIFORCE_WISDOM,Triforce of Wisdom,PROGRESSION
SHARED_TUNIC_GORON,Goron Tunic,PROGRESSION
SHARED_TUNIC_ZORA,Zora Tunic,PROGRESSION
SHARED_WALLET,Progressive Wallet,PROGRESSION
MM_ARROWS_10,10 Arrows (MM),FILLER
MM_ARROWS_30,30 Arrows (MM),FILLER
MM_ARROWS_40,40 Arrows (MM),FILLER
OOT_STICK,Deku Stick (OoT),FILLER
OOT_STICKS_10,10 Deku Sticks (OoT),FILLER
OOT_STICKS_5,5 Deku Sticks (OoT),FILLER
SHARED_STICK,Deku Stick,FILLER
SHARED_STICKS_10,10 Deku Sticks,FILLER
SHARED_STICKS_5,5 Deku Sticks,FILLER
SHARED_NUT,Deku Nut,FILLER
SHARED_NUTS_10,10 Deku Nuts,FILLER
SHARED_NUTS_5,5 Deku Nuts,FILLER
SHARED_BOMBCHU,Bombchu,PROGRESSION
SHARED_BOMBCHU_10,10 Bombchu,PROGRESSION
SHARED_BOMBCHU_20,20 Bombchu,PROGRESSION
SHARED_BOMBCHU_5,5 Bombchu,PROGRESSION
OOT_NUTS_10,10 Deku Nuts (OoT),FILLER
OOT_NUTS_5,5 Deku Nuts (OoT),FILLER
MM_BOMB,Bomb (MM),FILLER
MM_BOMBCHU,1 Bombchu (MM),PROGRESSION
MM_BOMBCHU_10,10 Bombchu (MM),PROGRESSION
MM_BOMBCHU_20,20 Bombchu (MM),PROGRESSION
MM_BOMBCHU_5,5 Bombchu (MM),PROGRESSION
MM_BOMBS_10,10 Bombs (MM),FILLER
MM_BOMBS_20,20 Bombs (MM),FILLER
MM_BOMBS_30,30 Bombs (MM),FILLER
MM_BOMBS_5,5 Bombs (MM),FILLER
MM_NUT,Nut (MM),FILLER
MM_NUTS_10,10 Deku Nuts (MM),FILLER
MM_NUTS_5,5 Deku Nuts (MM),FILLER
OOT_ARROWS_10,10 Arrows (OoT),FILLER
OOT_ARROWS_30,30 Arrows (OoT),FILLER
OOT_ARROWS_5,5 Arrows (OoT),FILLER
OOT_BOMBCHU_10,10 Bombchu (OoT),PROGRESSION
OOT_BOMBCHU_20,20 Bombchu (OoT),PROGRESSION
OOT_BOMBCHU_5,5 Bombchu (OoT),PROGRESSION
OOT_BOMBS_10,10 Bombs (OoT),FILLER
OOT_BOMBS_20,20 Bombs (OoT),FILLER
OOT_BOMBS_30,30 Bombs (OoT),FILLER
OOT_BOMBS_5,5 Bombs (OoT),FILLER
OOT_DEKU_SEEDS_30,30 Deku Seeds,FILLER
OOT_DEKU_SEEDS_5,5 Deku Seeds (OoT),FILLER
SHARED_ARROWS_10,10 Arrows,FILLER
SHARED_ARROWS_30,30 Arrows,FILLER
SHARED_ARROWS_40,40 Arrows,FILLER
SHARED_ARROWS_5,5 Arrows,FILLER
SHARED_BOMB,1 Bomb,FILLER
SHARED_BOMBS_10,10 Bombs,FILLER
SHARED_BOMBS_20,20 Bombs,FILLER
SHARED_BOMBS_30,30 Bombs,FILLER
SHARED_BOMBS_5,5 Bombs,FILLER
